{
  "healthy_intra": 32.15505599975586,
  "common_rust": 352.01080322265625,
  "cercospora": 374.9180603027344,
  "northern_blight": 323.7687683105469
}